Name,Price,Rating
Price and other details may vary based on product size and colour.,N/A,N/A
Women's Georgette Purple V Neck Full Sleeve A-line Dress Dress for Women|One Piece Dress for Women|Dress for Women Stylish|Western Dress|Dress for Women|Printed Dress,₹369,4.5 out of 5 stars
Women's Cotton Above Knee Length A-Line Indo Western Dress,₹949,3.9 out of 5 stars
Dresses for Women || Western Dresses for Women || Dress for Women || Dresses (D-659),₹599,4.7 out of 5 stars
Women Dresses,₹399,5.0 out of 5 stars
Baby Girls Fit & Flare Knee Length Net Dress,₹899,3.9 out of 5 stars
Dresses for Women || Western Dresses for Women || Dress for Women || Dresses (622-623),₹449,4.0 out of 5 stars
Dresses for Women || Western Dresses for Women || Dress for Women || Dresses (622-623),₹449,4.0 out of 5 stars
Dresses for Women || Western Dresses for Women || Dress for Women || Dresses (D-660),₹549,4.6 out of 5 stars
Dresses for Women || Western Dresses for Women || Dress for Women || Dresses (D-659),₹599,4.7 out of 5 stars
Dresses for Women || Western Dresses for Women || Dress for Women || Dresses (560-563),₹599,4.0 out of 5 stars
Dresses for Women || Western Dresses for Women || Dress for Women || Dresses (555),₹499,4.1 out of 5 stars
Dresses for Women || Western Dresses for Women || Dress for Women || Dresses (D-629-631),₹554.40,4.0 out of 5 stars
Women's Midi Dress,₹699,4.0 out of 5 stars
Dress for Women|one Piece for Women|Dresses for Women|Kurta Set for Women|Kurta for Women Dress for Women|Women top|Tops for Women|Dress|Dresses for Women,₹657,4.2 out of 5 stars
Women Dress,₹399,5.0 out of 5 stars
Women's & Girls' Solid Cowl Neck Cami Satin Mini Dress,₹445,2.4 out of 5 stars
Women's Knee Length Dress,₹559,3.9 out of 5 stars
Western Dresses for Women |A-Line Knee-Length Dress | Indo Western Dress for Women| Mid Dress,₹359,3.3 out of 5 stars
Western Dresses for Women | A-Line Knee-Length Dress | Midi Western Dress for Women| Short Dress,₹399,3.9 out of 5 stars
Dress for Women Belted Wrap Dress with Bishop Sleeves Surplice Neck Solid High Waist & Flared Hem Midi Dress for Women | Dresses for Women Long Dresses for Women,₹999,3.7 out of 5 stars
Western Dresses for Women | Short A-Line Dress for Girls,₹279,3.6 out of 5 stars
Printed Women's Casual Wear Western Dress,₹449,3.6 out of 5 stars
Dresses for Women || Western Dresses for Women || Dress for Women || Dresses (622-623),₹449,4.0 out of 5 stars
Women's Georgette Classic Midi Dress,₹669,3.8 out of 5 stars
Dresses for Women White Color Women Dress (537),₹499,3.8 out of 5 stars
Dresses for Women Knee Length with Floral Print,₹499,4.4 out of 5 stars
Dresses for Women Multi Color Women Dress (491-524),₹499,3.7 out of 5 stars
Women's Solid A-Line Lycra,₹299,4.0 out of 5 stars
Western Dress || Rayon Color Block Half Button Front Dress for Women || Long Cuff Sleeve & Stand Collared Neck Tunic Dress || Office || Summer Dresses for Women.,₹379,N/A
Dresses for Women || Western Dresses for Women || Dress for Women || Dresses (632),₹499,3.7 out of 5 stars
Women's Western Bodycon Dresses for Women |Knee-Length Minidress | Midi Western Dress for Women| Short Dress,₹539,4.2 out of 5 stars
Women Knee Length Dress,₹274,4.2 out of 5 stars
Women’s High-Low Knee Length Dress(Ruby-062-to-069),₹370,4.0 out of 5 stars
Women Dress,₹717,4.0 out of 5 stars
Women Knee Length Dress,₹489,3.8 out of 5 stars
"Women's Tai-Dye Printed Mesh Rayon Lycra High V-Collar Neck Long Kurti Dresses for Women, A-Line Knee-Length Dress, Midi Western Dress for Women, Short Dress",₹359,3.1 out of 5 stars
Women's Maxi Dress,₹366,3.8 out of 5 stars
Dresses for Women || Western Dresses for Women || Dress for Women || Dresses (514-516),₹499,3.4 out of 5 stars
Dresses for Women || Western Dresses for Women || Dress for Women || Dresses (560-563),₹599,4.0 out of 5 stars
"Dresses for Women, Western Dresses for Women, Dress for Women, Dresses for Women, Short A-Line Dress for Girls, Maxi Dress for Women, Georgette Western Dress, Sky Blue Colour Western Dress",₹599.04,3.9 out of 5 stars
Western Dress || Rayon Vertical Striped Printed Dress for Women || Flounce Cap Sleeve | V-Neck | Drawstring Waist Flared Dress || Summer Short Dresses for Women.,₹379,4.7 out of 5 stars
Women Fit and Flare Dress,₹429,4.2 out of 5 stars
Women White Self Design Bodycon Lace Dress,₹944,N/A
Solid Sweetheart Neck Short Sleeves Bodycon Ribbed Mini Dress for Women,₹588,4.0 out of 5 stars
Women's Brick Red & Dusty Green Boat Neck Sleeveless Self Design Lace Overlaid Regular Dress,₹755,4.2 out of 5 stars
Women A-line,₹659,4.6 out of 5 stars
Dresses for Women || Western Dresses for Women || Dress for Women || Dresses (D-628),₹499,3.9 out of 5 stars
Western Dresses for Women | A-Line Above Knee-Length Dress | Western Dress for Women| Short Dress,₹569,3.2 out of 5 stars
Women's Georgette a-line Knee-Long Dress,₹699,3.4 out of 5 stars
Women's A-Line Fit and Flare Casual Dress,₹499,5.0 out of 5 stars
Western Dresses for Women |A-Line Knee-Length Dress | Indo Western Dress for Women| Short Dress,₹355,4.0 out of 5 stars
Women Western Dress,₹279,3.5 out of 5 stars
Women's Georgette Floral Print Maxi Dress,₹659.90,3.6 out of 5 stars
Women Dress,₹395,3.3 out of 5 stars
Western Dress for Women| Floral Print Wrap V Neck Dress| Ruffle Sleeve Western Dress| Mini Summer Short Dress| Dress for Vacation| Outdoor Wear Dress,₹399,3.7 out of 5 stars
Women Full Sleeve V-Neck Bodycon Casual Knee Length Dress,₹379,4.0 out of 5 stars
Get Glamr Women Beige Solid A-Line Dress with Pockets|| Beige Linen Dress|| Women Dress || Sizes- S-XXL.,"₹1,249",4.6 out of 5 stars
Get Glamr Women Beige Solid A-Line Dress with Pockets|| Beige Linen Dress|| Women Dress || Sizes- S-XXL.,"₹1,249",4.6 out of 5 stars
Harpa Round Neck Printed Dresses,₹591,4.0 out of 5 stars
SIRIL Women's Solid A-Line Lycra,₹299,4.0 out of 5 stars
ILLI LONDON Women's A-LINE Maxi Dress,₹798,4.1 out of 5 stars
ILLI LONDON Women's A-LINE Maxi Dress,₹798,4.1 out of 5 stars
Mollar Women's Rayon Printed Fit and Flare Maxi Dress,₹499,4.1 out of 5 stars
Harpa Women's Polyester A-Line Maxi Casual Dress,₹718,4.1 out of 5 stars
Amazon Brand - Symbol Women Dress,₹463.06,4.2 out of 5 stars
